beta,energy,magnetization
0.1,-4024.14,0.0049204
0.2,-8241.19,0.0289034
0.3,-12262.2,0.0326765
0.4,-15906.5,0.0294583
0.5,-19124.3,0.0115479
0.6,-20504.9,0.024096
0.7,-22106.1,0.00285544
0.8,-22486.5,0.0185701
0.9,-22567.3,0.0305849
1,-22943.6,0.0514293
1.1,-23448.5,0.0329756
1.2,-23203.9,0.0494019
1.3,-23646.9,0.0645453
1.4,-23404,0.0162897
1.5,-23623.6,0.0245495
1.6,-24299.2,0.0244324
1.7,-23344.5,0.0486774
1.8,-23727,0.0113684
1.9,-23914,0.010599
